Date,onClick-Total,onClick-Handled,startActivity-Total,startActivity-Handled,startService-Total,startService-Handled,switch-Total
2014-06,3717.0,2840.0,1209.0,803.0,755.0,364.0,1544.0
2015-03,1022.0,802.0,334.0,258.0,150.0,66.0,366.0
2015-04,874.0,702.0,307.0,234.0,154.0,80.0,468.0
2014-09,2634.0,2184.0,982.0,780.0,373.0,171.0,1127.0
2014-10,3342.0,2797.0,1207.0,917.0,495.0,210.0,2158.0
2015-07,1261.0,1013.0,421.0,314.0,221.0,129.0,422.0
2015-02,678.0,541.0,170.0,128.0,82.0,28.0,286.0
2014-08,2724.0,2388.0,958.0,758.0,495.0,183.0,1236.0
2015-05,1170.0,1008.0,287.0,225.0,157.0,80.0,382.0
2014-07,6242.0,5254.0,1866.0,1261.0,994.0,476.0,2385.0
2015-06,1308.0,1153.0,323.0,252.0,173.0,82.0,396.0
2014-12,684.0,626.0,221.0,167.0,104.0,45.0,280.0
2015-01,777.0,590.0,316.0,255.0,119.0,60.0,330.0
2014-11,697.0,569.0,201.0,126.0,128.0,79.0,286.0
